http://www.luminosindustries.com,
http://www.luminus.com,
https://www.luetze.com/,
http://www.luxeon.com/,
http://www.luxous.com/,
http://www.dglxdz.com,
http://mac8usa.com
http://macase.com/,
http://www.macfasteners.com/,
https://trsaero.com/mac-fasteners/,
http://www.macrobizes.com/,
http://www.madge.com/,
http://www.madrone.net/,
http://www.maginnovision.com/,
http://www.maglayersusa.com/,
http://www.magnachip.com/,
http://www.magnatec-uk.co.uk/,
http://www.magnavox.com/,
http://www.magnecraft.com/,
http://www.magnetek.com/,
http://www.mag-inc.com/,
http://www.magnet-schultzamerica.com/,
http://www.maida.com/,
http://www.conexant.com/,
http://www.duracap.com/,
http://www.mallory-sonalert.com/,
http://www.cdtechno.com/,
http://www.manyue.com/,
http://maoyee.myweb.hinet.net/,
http://www.mapower.com/,
http://chemi-con.com/,
http://www.markimicrowave.com,
http://www.marktechopto.com/,
http://www.switches.com/,
http://www.marschner.com,
http://www.maruwa.com.my/,
http://www.marvell.com/,
http://www.mas-oy.com/,
http://www.massuse-relay.com/,
http://www.masterappliance.com/,
http://www.matrixorbital.com/,
http://www.matrox.com/,
http://www.cera.matsuki-corp.com/index.htm,
http://www.matsuoelectronics.com/,
http://www.maureyinstrument.com/,
http://www.maxell.com/,
http://www.maxim-ic.com/,
https://www.maxlinear.com/,
http://www.maxoptix.com/,
http://www.maxqualityexports.com/,
http://www.seagate.com/,
http://www.maxwell.com/,
http://www.mazet.de/index_html?set_language=en&cl=en,
http://www.mc-u.at/index.php?id=3,
http://www.mccsemi.com/,
http://www.egscanada.com/,
http://www.mhprofessional.com/,
http://www.mcicorp.com/,
http://portal.fciconnect.com/,
http://mcl-samar.com/,
http://www.micro-a.com/,
http://www.micrometrics.com/,
http://www.micro-plastics.com/,
http://www.mcslogic.com/english/,
http://www.mcdelectronics.com/,
http://www.microdiode.com,
https://mdesemiconductor.com/,
https://mdesemiconductor.com/,
http://www.sandisk.com,
http://www.micdv.com/en/index.asp,
http://www.meadhatcher.com/,
http://www.meanwell.com/,
http://www.mechatronics.com/,
http://www.microemissive.com/,
http://www.meder.com/,
http://www.medicalbatteries.ca/,
http://www.megadrive.com/,
http://www.megahz.com/,
http://www.megapower.com/,
http://www.megasic.de/englisch/,
http://www.meggitt.com/,
http://www.melcher.ch/,
http://www.melexis.com/,
http://www.memsic.com/,
http://www.mendapump.com/,
http://www.mentor.com/,
http://www.mepcollc.com/products.htm,
http://www.mecxtal.com/,
http://www.meridian-tech.com/,
http://www.meritec.com/,
http://www.meritekusa.com/,
http://www.merlin-gerin.com/,
https://ep-us.mersen.com/,
https://www.safran-landing-systems.com/,
http://www.metaice.com/,
http://www.metelics.com/,
http://www.metermantesttools.com/,
http://www.methode.com/,
http://www.metz-connect.com,
http://www.mfelectronics.com/,
http://www.mfjenterprises.com/,
http://www.mgchemicals.com/,
http://www.mgeups.com/,
http://www.mgrind.com/,
http://www.mgv.de/index.php?,
http://www.mhs-electronics.com/,
http://www.micindia.com/,
http://www.nortel.com/,
http://www.micrel.com/,
http://www.microchip.com/,
http://www.microcom-inc.com/,
http://www.microcrystal.com/,
http://www.microdotconnectors.com/,
http://www.accesscom.com/~micro/,
http://www.microlamps.com/,
http://www.micrometals.com/,
http://www.micron.com/,
http://www.micronas.com/,
http://www.micronetics.com/,
http://www.micronics.net/,
http://www.claremicronix.com/,
http://www.mnc.com/,
http://www.micro-ohm.com/,
http://www.exar.com/,
http://www.microsemi.com/,
http://www.microsoft.com/,
http://www.microspire.com/,
http://www.mstarlabs.com/,
http://sensing.honeywell.com/,
http://www.microtek.com/,
http://www.microtestlabs.com/,
http://www.microtipsusa.com/,
http://solutions.3m.com/wps/portal/3M/en_US/3MTouchSystems/TS/Solutions/TouchScreens/DispersiveSignal/,
http://www.microtraf.com/,
http://www.microtune.com/,
http://www.midcom-inc.com/,
http://www.ciitech.com/,
http://www.micropac.com/,
http://www.mijotechnology.com/,
http://www.melexis.com/,
http://www.milan.com/,
http://www.mill-max.com/,
http://www.mill-max.com/,
http://www.milwaukeetool.com/,
http://www.mimixbroadband.com/,
http://www.mindspeed.com/,
http://www.minebea.co.jp/english/,
http://www.minicircuits.com/,
http://www.manta.com/c/mm7fgq4/mini-mac-inc,
http://www.minimotor.ch/,
http://www.mini-systemsinc.com/,
http://www.yesmec.com/,
http://www.mitron.fi/,
http://www.mmea.com/,
http://www.mitsubishielectric.ca/,
http://www.mitsumi.com/,
http://www.majorleagueelectronics.com/,
http://www.zsmls.com/en,
http://www.mmaero.com/us/quote.cfm?privaccept=Accept,
http://www.mmea.com/,
http://www.mmdcomp.com/,
http://www.mmgca.com/,
http://www.amd.com/gb-uk/,
http://www.mmnewman.com/,
http://www.mnc.com/,
http://mnsind.com/,
http://www.micronettechnology.com/,
http://www.mode-elec.com/,
http://www.modulohm.dk/resistor.htm,
http://www.modutec.de/,
http://www.moellerusa.net/,
http://www.cdtechno.com/,
http://www.moksan.co.kr/en/,
http://www.molex.com/,
http://www.molon.com/,
http://www.moltech.com/,
http://www.monogramaerospace.com/,
https://www.monolithicpower.com/,
http://www.montage-tech.com/,
http://www.moretech.com/,
http://www.morethanall.com/,
http://www.morganelectroceramics.com/,
http://www.morganelectroceramics.com/,
http://www.mosaid.com/,
http://www.mvc.com/,
http://www.mostec.ch/en_index.html,
http://www.mosys.com/,
http://www.freescale.com/,
http://www.mova.com/,
http://www.moxa.com/,
http://www.moxtek.com/,
http://www.mechprod.com/,
http://www.markproductscorp.com/,
http://www.mpdcomponents.com/,
http://www.mpe.co.uk/,
http://www.mpulsemw.com/,
http://www.msc-ge.com/,
http://www.msfg.de/,
http://www.mix-sig.com/,
http://msissemi.com/,
http://www.meas-spec.com/,
http://www.mskennedy.com/,
http://www.marathonsp.com/,
http://www.mstarsemi.com/,
http://www.msystemsintl.com/,
http://www.mti-milliren.com/,
http://www.mediatek.com,
http://www.muellerelectric.com/,
http://www.spctechnology.com/,
http://www.multi-contact.com/,
http://www.henkel.com/,
http://www.multitech.com/,
http://www.murata.com/,
http://www.music-ic.com/,
http://www.mustek.com/,
http://www.mvsilicon.com/enlish.html,
http://www.mvsilicon.com/,
http://www.mwtinc.com/,
http://www.cmlmicro.com/,
http://www.mylex.com/,
http://www.myntahl.com/,
http://www.myrra.fr/,
http://www.myson.co.uk/,
http://www.duracap.com/,
http://www.newageenclosures.com/,
http://www.namasmt.com,
http://www.namuga.co.kr/kr/,
http://www.nanoamp.com/,
http://www.tycoelectronics.com/catalog/menu/en/18038,
http://www.jianghai.com/a/english.htm,
http://www.nanya.com/,
http://www.nationalrivet.com/,
http://www.natconn.com/,
http://www.natelems.com,
http://www.nationalrivet.com/,
http://www.shinychip.com,
http://www.navman.com/,
http://nbe.com.np/,
http://www.ncepower.com/,
http://www.ncr.com/,
http://www.ndk.com/,
http://www.nearson.com/,
http://www.necel.com/opto/en/index.html,
http://www.nec.com/index.html,
http://www.ndsaw.com/,
http://www.nel-world.com/,
http://www.nelfc.com/,
http://www.nemcocaps.com/,
http://www.neomagic.com/,
http://www.neophotonics.com/,
http://www.neosid.de/index_uk.htm,
http://www.nepenthe.com,
http://www.nesscap.com/,
http://www.neteffect.com/,
http://www.netgear.com/,
http://www.netlogicmicro.com/,
http://www.netpowercorp.com/,
http://www.neutrik.com/,
http://www.tnb.com/,
http://www.newmarpower.com/,
http://www.newmarket-transformers.co.uk/,
http://www.newport.com/,
http://www.newtide.com/,
http://www.nexans.com/,
https://www.nexcom.com/,
http://www.winbond.com/,
https://www.nexperia.com/,
http://www.nextchip.com,
http://www.nexus.com/,
http://www.nationalhybrid.com/,
http://www.niccomp.com/,
http://www.nicera.co.jp/indexe.htm,
http://www.nichia.com/,
http://www.nichicon.com/,
http://www.coopertools.com/,
http://www.nicrom-electronic.com/,
http://www.nidec.com/,
http://www.niec.co.jp/english/,
http://www.nikkaiswitches.com/,
http://english.niko-sem.com/,
http://forward.en.ningboexport.com/,
http://www.brightech-opto.com/,
http://en.ninigi.com/,
http://www.chemi-con.com/,
http://www.nippon-tanshi.jp/,
http://www.nissei-usa.com/,
https://www.nisshinbo-microdevices.co.jp/en/,
https://www.nisshinbo-microdevices.co.jp/,
http://www.niteize.com/,
http://www.nitsuko-ele.co.jp/,
http://www.njmet.com,
http://www.njr.co.jp/index_e.htm,
http://www.njsemi.com/,
http://www.nkkswitches.com/,
http://www.nmbtech.com/,
http://www.nemic.co.il/,
http://www.nobleusa.com/,
https://noisewave.com/,
https://norbit.com/,
http://www.norcomp.net/,
http://www.nordicsemi.com/,
http://www.noritake-itron.com/,
http://www.normagroup.com/,
http://www.norsat.com,
http://www.nortel.com/,
http://www.northropgrumman.com/,
http://www.novacap.com/,
http://www.novacomtechnologies.com/,
http://www.novaled.com/,
https://novatel.com/,
http://www.npcamerica.com/,
http://www.nipponpulse.com/,
http://www.national.com/,
https://www.novosns.com/,
http://www.nainasemi.com/,
http://www.ntcsensor.com/english.htm,
http://www.northerntech.com/,
http://www.nteinc.com/,
http://www.ntt.com/,
http://www.nuctor.com/,
http://www.nuin.co.kr/,
http://www.numonyx.com/en-us/pages/default.aspx,
http://www.nuvoton.com,
http://www.nuwave-tech.com/,
http://www.nve.com,
http://www.nvginc.com/,
http://www.nvidia.com/,
http://www.nxp.com/,
http://www.o2micro.com/,
http://www.oakgrigsby.com/,
http://www.zoran.com/,
http://www.oasissemi.com/,
http://www.smsc-ais.com/,
https://www.on-bright.com/,
http://www.obopro2.com/,
http://www.vectron.com/,
http://www.cyocic.com,
http://www.octasic.com/,
http://www.ocularlcd.com/,
http://www.ocwhite.com/,
http://ocz.com/,
http://www.odu-usa.com/,
http://www.oenindia.com,
https://www.ofsoptics.com/,
https://origingps.com/,
http://www.ohmcraft.com/,
http://www.ohmite.com/,
http://www.oilrite.com/,
http://www.okaya.com/,
http://www.oki.com,
http://www.okidata.com/,
http://www.okinternational.com/,
http://www.okorelays.com/,
http://www.okinternational.com/,
http://www.olflex.com/,
http://www.olicom.com/,
http://www.olympusamerica.com/,
https://www.omega.com/,
http://www.omig.pl/en/,
http://www.omnetics.com/,
http://www.irf.com/,
http://www.ovt.com/,
http://www.omron.com/,
http://www.oneac.com/,
http://www.onsemi.com/,
http://www.onspec.co.uk/,
http://www.okioptical.com/,
http://www.oplink.com,
http://www.intel.com,
http://www.oclaro.com,
http://www.cdtltd.co.uk/,
http://www.optekinc.com/,
http://www.opti-inc.com/index4.html,
http://www.optoinc.com/,
http://www.opto22.com/,
http://www.optodiode.com/,
http://www.optolab.com/,
https://optosolutions.net/,
http://www.optosupply.com/,
http://www.optotek.com/,
http://www.optrex.com/,
http://www.ecrm.com/,
http://www.orbitec.fr,
http://www.orientdisplay.com/,
http://www.origingps.com/,
http://www.odt.co.kr/,
http://www.orionfans.com/,
https://www.toppan.com/en/location/malaysia/,
http://www.mhprofessional.com/,
http://www.oscilent.com/,
http://www.otek.com/,
http://www.osioptoelectronics.no/,
http://www.osloswitch.com/,
http://www.osram.com/osram_com/,
http://www.osram.com/,
http://www.on-shore.com/,
http://www.otax.co.jp/,
http://www.operatingtech.com/,
http://www.emc.com/,
http://www.otterbox.com/,
http://www.ottoexcellence.com/,
http://www.oupiin.com/,
http://www.overlandstorage.com/,
http://www.oxsemi.com/,
http://www.oxleygroup.com/,
http://www.o-zgedney.com/,
http://www.pace-industries-inc.com/,
http://www.pacmono.com/,
https://history.gmheritagecenter.com/wiki/index.php/packard_electric,
http://www.chemtronics.com/,
http://www.pactecenclosures.com/,
http://www.pairuigroup.com/,
http://www.phresistor.com/,
http://www.paladin-tools.com/,
https://www.palboreg.co.il/,
http://www.phoenixofchicago.com/,
http://www.pamco-inc.com/,
http://www.panavise.com/,
http://www.panconcorp.com/,
http://www.panduit.com/,
http://www.panintl.com/,
http://www.panjit.com/,
http://www.pan-overseas.com/,
http://www.pansilicon.com,
http://www.panta.de/PantaHompageEnglisch/2frames/index.htm,
http://www.parcoinc.com/,
http://www.chomerics.com/,
http://www.pasternack.com/,
http://www.paytongroup.com/,
http://www.pca.com/,
http://www.pioneercable.com/,
http://www.pcconcepts.co.uk/,
http://www.amphenolpcd.com/,
http://www.pioneercircuits.com/,
http://www.powerdynamics.com/,
http://www.pacificdata.com/,
http://www.peacebay.com/en/,
http://www.peakelec.co.uk/,
http://www.productsengineering.com/,
http://www.pelican.com/,
http://www.pelkomotors.net/company/company.html,
http://optoelectronics.perkinelmer.com/,
http://www.pelonistechnologies.com/,
http://www.pemnet.com/,
http://www.penril.net/,
http://www.pentair.com/,
http://www.pepperl-fuchs.com/,
http://www.psemi.com/,
http://www.perfectelectronics.com/,
http://www.performance-semi.com/,
http://www.pericom.com/,
http://www.pti-ic.com/,
http://optoelectronics.perkinelmer.com/,
http://www.pervasive.com/,
http://www.pfusystems.com/index.html,
http://www.phaselink.com/,
http://www.phenitec.co.jp/e/,
http://www.phoenixcontact.com/,
http://www.phihong.com/,
http://www.philips.com/,
http://www.nxp.com/,
http://www.phison.com,
http://www.phoenixcontact.com/,
http://www.photonic-products.com/,
http://www.yageo.com/,
http://www.pic-design.com/,
http://www.pickercomponents.com/,
http://www.picoelectronics.com/,
http://www.jdsu.com/,
http://www.piher-nacesa.com/,
http://www.power-innovations.com/,
http://www.pilgrimscrew.com/,
http://www.pilkor.co.kr/sub/main.asp,
http://www.pilkor.co.kr/sub/main.asp,
WWW.PILZ.COM,
http://www.piolaxusa.com/,
http://www.pioneermag.com/,
http://www.pixart.com,
http://www.pixelink.com/,
http://www.pixelplus.com/en/main,
http://www.pixelworks.com/,
http://www.pkcell.net/,
http://www.planar.com/,
http://www.plantronics.com/,
http://www.plasticcapacitors.com/,
http://www.platoproducts.com/,
http://www.plesseysemiconductors.com/,
http://www.pletronics.com/,
http://www.plextor.com/,
http://www.plasticlogic.com/,
http://www.plxtech.com/,
http://www.chingistek.com/,
http://www.pmc-sierra.com/,
http://www.pmdcorp.com/,
http://www.pmec.cz/index.php,
http://www.analog.com/,
http://relays.tycoelectronics.com/pnb.asp,
http://www.pny.com/,
http://www.polymer-optics.co.uk/,
http://www.polycase.com/,
http://www.polyfet.com/,
http://www.polymervision.com/,
http://www.polyphaser.com/,
http://www.polytrade.com/,
http://www.polytronix.com/,
http://www.polyus.msk.ru/,
http://www.pomonaelectronics.com/,
http://www.poseico.it/,
http://www.connectpositronic.com/,
https://www.connectpositronic.com/en/,
http://www.postglover.com/,
http://www.powerint.com/,
http://www.powersemiconductors.com/,
http://www.poweradd.com/,
http://www.powercom-usa.com/,
http://www.powercube.com/,
http://www.microsemi.com/,
http://www.pwrx.com/,
http://www.powerint.com/,
http://www.power-io.com/,
http://www.powerld.com,
http://www.b2bmit.com/showroom-9009237/2.htm,
http://www.powermateusa.com,
http://www.power-one.com/,
http://www.powersem.net,
http://www.powersolutions.com/,
http://www.power-sonic.com/,
http://www.bussmann.com,
http://www.power-tech.com/,
http://www.powertransfo.es/,
http://www.crpowtech.com/,
http://www.ppc.com.au/,
http://www.pioneers.com/,
http://www.pranelectronics.com/,
http://www.pacificresistor.com/,
http://www.precicontact.ch/,
http://www.precidip.com/,
http://www.precisionresistor.com/,
http://www.wi2wi.com/,
http://www.precision-inc.com/,
http://www.precisionpower.com/,
http://www.precision-inc.com/,
http://www.preh.com/,
http://www.premmagnetics.com/,
http://www.premiermag.com/,
http://www.presidiocomponents.com/,
http://www.prewell.com,
http://www.princetongraphics.com/,
http://www.prisemi.com,
http://www.proskit.com,
http://www.pbasics.com/,
http://www.prodind.com/,
http://www.etalgroup.com/,
http://www.pcretriever.com/index.php,
http://www.p-johnton.com/,
http://www.procureinc.com/showparts.php/1323,
http://www.prosource-tech.com/,
http://www.protech-usa.net/,
http://www.protekdevices.com/,
http://www.proteon.com,
http://www.protologic.com/,
http://www.provertha.com/?setlang=en,
http://www.provowire.com/,
http://www.proxim.com/,
http://www.proxistor.com/,
http://www.prpinc.com/,
http://www.hzpsdy.com/,
http://www.polarfab.com/,
http://www.passandseymour.com/,
http://www.pioneer-tech.com/,
http://www.p-tec.net/,
http://www.ptr-messtechnik.de/en/start/,
http://www.pui.com/,
http://www.pulseeng.com/,
http://www.cbttechnology.com/about/news_room/pdf/cbt-purcell-customer-announcement-jan-3-2012.pdf,
http://www.purdyelectronics.com/,
https://www.pwchip.com/,
http://pwr2006.com/pwr-e.html,
http://www.amphenol-industrial.com/,
http://www.pylonelectronics.com/,
http://www.pyramidsemiconductor.com/,
http://www.qualcomm.com/,
http://www.qimonda-licensing.com/default.aspx,
http://www.qlogic.com/,
http://www.qorvo.com/,
http://www.qpsemi.com/,
https://www.linkedin.com/company/qp-labs,
http://www.qsiamerica.com/,
http://www.qsound.com/index.htm,
http://www.qualitytechnologies.com/,
http://www.q-tech.com/,
http://www.thermistor.com/,
http://www.qtinet.com/,
http://www.fairchildsemi.com/,
https://www.quabbin.com/,
http://www.quadrangleproducts.com/,
http://www.amcc.com/,
http://www.qualtekusa.com/,
http://www.3m.com/,
http://www.quantum.com/,
http://www.quectel.com,
http://www.quicklogic.com/,
https://quinstar.com/,
http://www.rabbit.com/,
http://www.rad.com/,
http://www.radiall.com/,
http://www.radiocrafts.com/,
http://www.radiohm.com/,
http://www.radion.com.my/,
http://www.radiotronix.com/,
http://www.radisys.com/,
http://www.rafhdwe.com/,
http://www.rafi.de/startseite.1.0.html?&l=1,
http://www.rakon.com/,
http://www.ralec.com/en/into.html,
http://www.ralinktech.com/,
http://www.raltron.com/,
http://www.rambus.com/,
http://www.ramtron.com/,
http://www.rancho.com/,
http://www.rapcoinc.com/,
http://www.rapidconn.com/,
http://www.raraohm.com/,
https://www.raspberrypi.com/for-industry/,
http://www.raychem.com/en/home.html,
http://www.raycomfg.com/,
http://www.rayovac.com/,
http://www.raytheon.com/,
https://raztec.co.nz/,
http://rbelect.com/,
http://www.stancor.com/,
http://www.rcd-comp.com/,
http://www.rcldisplay.com/,
http://www.module.ru/,
http://www.rcsys.com/,
http://www.rdamicro.com/,
http://www.rdfcorp.com/,
http://www.rdiusa.com/,
http://www.reachtech.com/,
http://www.realtek.com/,
http://www.recom-international.com/,
http://www.rectron.com/,
http://www.redingtoncounters.com/,
http://www.reed-sensor.com/,
http://www.ctscorp.com/,
http://www.regalusa.com/,
http://www.randeint.com/,
http://www.releco.com/,
http://www.reliablecapacitors.com/,
http://www.renalighting.com,
http://www.renata.com/,
http://www.rencousa.com/,
http://www.renesas.com/,
http://rentechnologies.com/,
http://www.resonswitch.com/,
http://rfeinc.com,
http://www.rfhic.com,
http://www.rfindustries.com/,
http://www.rficorp.com/,
http://www.rfm.com/,
http://www.rfmd.com/,
http://www.rflambda.com/,
http://rftechniques.com/,
http://www.rhombus-ind.com/,
http://www.rhopointcomponents.com/,
http://www.riaconnect.com/,
http://www.rell.com/,
http://www.richeycap.com/,
https://www.richtek.com/,
http://www.ricoh.com/,
http://www.riedon.com/,
http://www.rigel.ru/,
http://www.ringford.com,
http://risingsun.en.ecplaza.net/,
http://www.ritek.com/,
http://www.river-ele.co.jp/english/,
http://www.elcan.com/,
http://www.rmv.com/,
http://www.3m.com/,
http://www.ibselectronics.com/ibs/cmpnts/rgaco/,
https://www.rochestermfg.com/,
https://www.rock-chips.com/,
http://www.rockwellautomation.com/,
http://www.rofsmicro.com/,
http://www.rogerscorp.com/,
http://www.rohm.com/,
http://www.generalcable.com/,
http://www.rosenberger.de/en/,
http://www.rosenberger.com/en/index.php,
http://www.roweindustries.com/,
http://www.royalohm.com/,
http://rpmclasers.com/,
http://www.rrlotion.com/,
RSTECH.com,
https://www.rs-online.com/,
https://www.rst.eu/en/home.html,
http://www.r-theta.com/,
http://www.rtie.com/,
http://www.rubbermaid.com/,
http://www.rubycon.com/,
http://www.ruf-electronics.com/,
http://www.ruggedcom.com,
http://www.ruichips.com/,
https://www.relmon.com,
http://www.run-ic.com/,
http://www.ruttonsha.com/,
http://www.rxdtech.com/,
http://www.rzcsemi.com,
http://www.s3graphics.com/,
http://www.sabritec.com/,
http://www.saepower.com/,
http://www.saftbatteries.com/,
http://www.sagami-elec.co.jp/en/,
http://www.sage-inc.com/,
http://www.johnsonelectric.com/,
http://www.saifun.com/,
http://www.salecom.com/,
http://www.sbcctv.co.kr/,
http://www.sames.com/,
http://www.samlexamerica.com/,
http://samswebsite.com/,
http://we06000224.wb.nwtbb.com/front/bin/home.phtml,
http://www.samsung.com/,
http://www.samtec.com/,
http://www.samwellg.com/,
http://www.samwha.com/,
http://www.sandisk.com/,
http://www.sanken-ele.co.jp/en/,
http://www.sankosha-usa.com/,
http://www.sanmina.com/,
http://www.sanrex.com/,
http://www.sansentech.com/,
http://www.sanyourelay.com/,
http://www.rostratool.com/,
http://www.pericom.com/,
http://www.sauro.net/,
http://www.triquint.com/,
http://www.sawtron.com/,
http://www.scc-inc.com/,
http://www.chequers-elec.com/,
http://www.schaeferpower.com/,
http://www.schaffnerusa.com/,
http://www.schlemmer.com/,
http://www.schneider-electric.com/,
http://www.schott.com,
http://relays.tycoelectronics.com/schrack/,
http://www.schroff.us/,
http://www.schurter.com/,
http://www.dcdc.com/,
http://www.scienscope.com/,
http://www.sdc-semi.com/,
https://www.sdmctech.com/,
http://sdp.ca/,
http://www.electrocube.com/,
http://www.seagate.com/,
http://sealectrocircuitcomponents.com/,
http://www.hccindustries.com/,
https://www.seastrom-mfg.com/,
http://www.seaward.co.uk/,
http://www.sunny.co.kr/,
http://www.secosgmbh.com,
https://www.seeger-orbis.com/,
http://www.lsi.com/,
http://www.seielect.com/,
http://www.seikoinstruments.com/,
http://www.selecom.it/selecom/home.asp?lang=eng_&pag=&news=&idprod=&sez=,
http://www.semblex.com/,
http://www.semelab.com/,
http://www.semflex.com/,
http://www.semicoa.com/,
http://www.semihow.com,
http://www.semikron.com/,
http://www.semisouth.com,
http://www.semitec-usa.com/,
http://www.semiteltech.com/,
http://www.semitronics.com/,
http://www.littelfuse.com/,
http://www.semtech.com/,
http://www.semtronics.com/,
http://www.specialtyelectronics.com/,
http://www.sensitron.com/,
http://www.sensoryinc.com/,
http://www.sensotec.com/,
http://www.shinychip.com/,
http://www.sen-tech.com/,
http://www.sentinelconn.com/,
 https://www.sentons.com/,
http://www.sentrexco.com/,
http://www.seorim21.co.kr,
http://www.seoulsemicon.com/en/,
http://www.sep-semi.com/,
http://www.sercocompany.com/,
http://www.serdimachines.com/,
http://www.serelays.com/index.php,
http://www.serpac.com/,
http://www.serverworks.co.nz/,
http://www.ses-sterling.com/index.php?langue=fr,
http://www.seweurodrive.com/,
http://www.sga.se/,
http://www.sg-micro.com/,
http://www.itt.com/,
https://www.cagecode.info/54294,
http://www.goodsourcing.com/main/exec/more/mod/corp/uid/51dc719c4a92vvu4,
http://www.sharp-world.com/,
http://www.szsx.com/,
http://www.shibauraelectronics.com/,
http://www.changhongbatteries.com,
http://www.shida-batteries.com/,
http://www.shikues.com,
https://www.shimadzu.com/about/index.html,
http://www.shinano.com/,
http://www.shindengen.com/,
http://www.globalsources.com/si/fl/shing-yih/6008801321848/homepage.htm,
http://www.shinmei-e.co.jp/e/,
http://shinshincap.en.ec21.com/,
http://www.globalsources.com/si/as/shinway-electronics/6008800527841/homepage.htm,
http://www.swdetector.com/en/,
http://www.shinyei.co.jp/eng/business/electron/index.html,
http://www.eiconworks.com/,
http://www.shoei.co.jp/english/,
http://www.shogyo.com/,
http://www.shure.com/,
https://www.si-power.com/,
http://www.sibafuses.com/,
http://www.sick.com,
http://www.siemens.com/,
http://www.monolithics.com/,
https://www.sierrawireless.com/,
http://www.sifam.com/,
http://www.sigmadesigns.com/,
http://www.signaltransformer.com/,
http://www.signetics.com/en/,
http://www.signiatech.com/,
http://www.sileadinc.com/,
http://www.silego.com/,
http://www.silentsystem.com/,
http://www.silergy.com/,
http://silicon7.en.ec21.com/company_info.html,
http://www.silicongear.com/,
http://www.siliconimage.com/,
http://www.silabs.com/,
http://smipdx.com/,
http://www.si-micro.com/,
http://www.silicontech.com/,
http://www.liteon.com/,
https://www.sillumin.com/,
http://www.silonex.com/,
http://wm.sim.com/sim/frontshow_en/tan_english.aspx,
https://www.simcom.com/,
http://www.simonds-inc.com/,
http://www.simpletechnology.com/,
http://www.simpletech.com/,
http://www.simpsonelectric.com/,
http://www.simtronics.com/,
https://www.sinctech.com/,
http://www.singatron.com/,
http://www.exar.com,
http://siproin.com/,
http://www.sirf.com/,
http://www.sirio-ic.it/,
http://www.sirtec.com/,
http://www.sis.com/,
https://www.sitime.com/,
http://www.sigmaweb.com,
http://www.skhynix.com,
http://sensing.honeywell.com/,
http://www.skf.com/group/splash/index.html,
http://www.essentracomponents.com/en-gb/search?searchTerm=skiffy&beginIndex=0,
http://www.fortune-co.com,
http://www.bs-skyline.com/,
http://www.skyworksinc.com/,
http://www.siliconlogic.com/,
http://www.smartelec.com/,
http://www.smartasic.com/,
http://www.smart-cable.com/,
http://www.smartm.com/,
http://www.smdinc.com,
http://www.rfmd.com/,
http://www.smk.co.jp/,
http://www.eetimes.com/document.asp?doc_id=1137971,
http://www.smsc.com/,
https://www.samtec.com/,
http://www.sensonor.com/,
http://www.socapex.com/,
http://www.socle-tech.com/,
http://www.chemtronics.com/,
http://www.soft-device.com/,
http://www.softswitch.co.uk/,
http://www.solaheviduty.com/,
http://www.solico.com/,
http://www.solitrondevices.com/,
http://www.solonmfg.com/,
http://www.sol-rex.com/,
http://www.songchuan.com/,
http://www.sonitron.be/,
http://www.sonix.com/,
http://www.sony.net/,
https://toshiba.semicon-storage.com/,
http://andksocket.com/,
http://www.soshin.co.jp/,
http://www.sourcephotonics.com/sp_web/,
http://www.souriau.com/,
http://www.southchip.com,
http://www.space-electronics.com/,
http://www.spansion.com/,
http://www.switchesplus.com.au/,
http://www.siliconpower.com/,
http://www.onlinespe.com/,
http://www.spectra-strip.com/,
http://www.spectrumcontrol.com/,
http://www.speedtechinternational.com/,
http://www.switchpwr.com/,
http://www.spitznagel-gmbh.de/,
http://www.spkecl.com/,
http://www.spraguegoodman.com/,
http://www.spreadtrum.com,
http://www.spstech.com/home/,
http://www.squared.com/,
http://www.srcdevices.com/,
http://www.srt-restech.de/,
http://www.shinyspace.com,
http://www.ssdi-power.com/,
http://sensing.honeywell.com/,
http://www.siliconsystem.com,
http://www.ssousa.com/,
http://www.solidstatescientific.com/,
http://www.sst.com/,
https://www.ericsson.com,
http://www.stacosystems.com/,
http://www.stadiumgroupplc.com/,
http://www.stancor.com/,
http://www.standexelectronics.com/,
http://www.saeglobal.com/company.shtm,
http://www.stanley-components.com/,
http://www.starconn.com/,
http://www.starled.com/,
http://www.starmicronics.com/,
http://www.startech.com/,
http://www.statek.com/,
http://www.xantrex.com/,
http://www.sunnytec.com/,
http://www.steinel.net/,
http://www.sumida-components.de/willkommen-bei-sumida-components-gmbh/?no_cache=1,
http://www.sterenusa.com/,
http://www.stetcoproducts.com/,
http://www.stetron.com/,
https://www.company-detail.com/company-stettner-manufacturing-inc-930922,
http://www.lairdtech.com/,
http://www.semi-tech-inc.com/,
http://www.st.com/,
http://www.stockeryale.com/,
http://www.stocko.de/en/,
http://www.struthers-dunn.com/,
http://www.srtorque.com/,
http://www.stanley-components.com/en/,
http://www.sullinselectronics.com/,
http://www.sumitomocorp.co.jp/english/,
http://swsct.sws.co.jp/components/en/,
http://www.sumida.com/,
http://global-sei.com/index.html,
https://www.qualcomm.com/news/releases/2012/06/18/qualcomm-acquires-summit-microelectronics,
http://www.sun.com/,
http://www.sunbankcorp.com/,
http://www.sunbriteleds.com/,
http://www.suncheer.com/,
http://www.sunlandrep.com/,
http://www.sunled.com/,
http://www.sunlordinc.com,
http://www.sunonusa.com/,
http://www.sunplus.com/,
http://www.sunridgecorp.com/,
http://www.srsun.com/en/index2.asp,
http://www.suntekcomputer.en.ecplaza.net/,
http://www.toll-semi.com,
http://www.superiorelectric.com/,
http://www.supermicro.com/,
http://www.superpower-inc.com/,
http://www.supertech-elec.com/,
http://www.supertex.com/,
http://www.superworld.com.sg/,
http://www.suresealinc.com/,
http://www.sussexsemiconductor.com/,
http://www.susumu.co.jp/english/,
http://www.suyin.com/,
http://www.svmicro.com/,
https://www.swagelok.com/en,
http://www.swanstromtools.com/,
http://www.esilicon.com/switchcore/switchcore.php,
http://www.switchcraft.com/,
http://www.switronic.com/,
http://www.sxsemi.com/,
https://www.crunchbase.com/organization/sychip#/entity,
http://www.syfer.com/,
http://www.sylvania.com/,
http://synergymwave.com/,
http://www.synopsys.com/,
http://www.synovainc.com/,
https://news.synopsys.com/index.php?s=20295&item=122929,
http://www.synqor.com/,
http://www.synsemi.com/,
http://www.crouzet-usa.com/,
http://www.syskonnect.eu/,
http://www.tactair.com/,
http://tactair.com/,
http://www.tadiranbat.com/,
http://www.toshiba.com/taec/,
http://www.taehwatrans.com/,
http://www.atmel.com/,
http://www.taiko-denki.co.jp/english.html,
http://www.taisaw.com/,
http://www.taitien.com/,
http://www.taitroncomponents.com/,
http://www.tgisemi.com/,
http://www.taiyip.com/,
http://www.t-yuden.com/,
http://www.takcheong.com/,
http://www.fcai.fujitsu.com/,
http://www.takasago-ss.co.jp/,
http://www.talema.com/,
http://www.tamuracorp.com/,
http://www.tandberg.com/,
http://www.taosinc.com/,
http://www.tateyama.jp/eng/,
http://www.taychipst.com/en/about_us.aspx,
http://www.tnb.com/,
http://www.transcoil.com/,
http://tcidisplay.en.ec21.com,
http://www.totalcontrolproducts.com/,
http://www.te.com,
http://www.tdk.com/,
http://www.te.com/en/about-te.html,
http://www.teac.com/,
http://www.teapo.com/web-en/index-en.aspx,
http://www.tecategroup.com/,
http://www.littelfuse.com/,
http://www.tech-con.com/,
http://www.pulseelectronics.com/,
http://www.tecko.com/,
http://www.techspray.com/,
http://www.time.co.il/,
http://www.ttigroup.com/,
http://www.hanwhatechwin.com/,
http://www.overlandstorage.com/,
http://www.tecosensors.com/,
http://www.broadcom.com/products/broadband-carrier-access/epon-solutions,
http://www.tekoenclosures.com/,
http://www.tek.com/,
http://www.microchip.com/,
http://www.telcor.com/,
https://www.crunchbase.com/organization/telebit#/entity,
http://www.telechips.com,
http://www.teledyne.com/,
http://www.telegaertner.de/en/,
http://telelong.manufacturer.globalsources.com/si/6008800240684/homepage.htm,
http://www.schneider-electric.us/sites/us/en/company/profile/history/telemecanique-transition.page,
http://www.tele-tech-rf.com/,
http://www.telit.com/,
http://www.telluriantech.com/,
http://www.teltone.com/,
http://www.temex.com/,
http://www.atmel.com/,
http://www.temple-star.com/,
http://www.mcmelectronics.com/manufacturer/tenma/01001018,
http://www.tensolite.com/,
http://www.tepro-vamistor.com/,
http://www.teradyne.com/,
http://www.micro-bosun.com/,
http://www.tesla-ic.com/,
http://www.tesla-blatna.cz/en/,
http://www.teslaji.cz/index.php?menu=1&jazyk=en,
http://www.tet.com/,
http://www.tetsan.com.tr/,
http://www.tew.co.jp,
http://www.texascomponents.com/,
http://www.norcomp.net/,
https://www.textron.com/,
http://www.thin-film.com/,
http://www.th-contact.com/,
http://www.aircraftfast.com/the-monadnock-company.htm,
http://www.thermodisc.com/en-us/pages/default.aspx,
http://www.thine.co.jp/en/,
http://www.trpssl.com/,
http://www.avx.com/,
http://www.thordarsonmagnetics.com/,
http://www.threefivecorp.com/,
http://www.thermalright.com/,
http://www.thermometrics.com/home.htm,
http://www.tianbo-relay.com/,
http://www.tiancheng-ptc.com/,
http://en.tjtxe.com/,
http://en.tjsemi.com/main/subsidiaries10.aspx,
http://www.tianma.com/,
http://www.ticomel.ch/,
http://www.timonta.ch/,
http://tiogatechnology.com/,
http://www.titanmec.com/index.php/en/index/index.html,
http://www.sztjydz.com,
https://www.telephonics.com/tlsi,
http://www.topmagnetics.com/,
http://www.tmk-battery.com/en/,
http://www.tocos.com/,
http://www.nec-tokin.com,
http://www.nec-tokinamerica.com/,
http://www.tokoam.com/,
http://www.tokyo-coil.co.th/,
http://www.tew.co.jp/e/,
http://www.toneluck.com/,
http://www.innolux.com/pages/en/aboutus/company_overview_en.html,
en.gztoppower.com,
http://www.topstek.com/,
https://toptech.com/,
http://www.topwaydisplay.com/,
http://www.topwilling.com/,
http://www.totexusa.com/,
https://www.torexsemi.com/,
http://www.toroid.com/,
http://www.torotelproducts.com/,
http://www.tortran.com/,
http://www.semicon.toshiba.co.jp/eng/,
http://www.touch-intl.com/index.html,
http://www.towersemi.com/,
https://epson.ca/,
http://www.avx.com/,
http://www.total-power.com/,
http://www.tracopower.com/,
http://www.tradeport.on.ca,
https://ca.transcend-info.com/,
http://www.transtector.com/,
http://www.trans-techinc.com/,
http://www.transtekmagnetics.com/,
http://www.transwitch.com/,
http://www.transyselectronics.com/,
http://www.trentonprocessors.com/,
http://triaccesstech.com/,
http://www.b2bmit.com/showroom-5002994.htm,
http://www.tridentcomponents.com/,
http://www.tridentmicro.com/,
http://www.tri-mag.com/,
http://www.trimble.com/embeddedsystems/,
http://www.trinamic.com/,
http://www.trinnotech.com,
http://www.triplett.com/,
http://www.tripplite.com/,
http://www.triquint.com/,
http://www.carlisleit.com/brands/tri-star-electronics-international,
http://www.trompeter.com/,
http://www.trucorporation.com/,
http://www.truly.net/,
http://www.trumeter.com/,
http://www.trw.com/,
http://www.tscgroup.com/,
http://www.rsc.rockwell.com/,
http://www.sparcproductdirectory.com/tatung.html,
http://www.thermaltake.com/home.aspx,
http://www.ttelectronics.com/en,
https://www.turck.nl/nl/,
http://www.tusonix.com/,
http://www.motorola.com/,
http://www.tyan.com/,
http://www.tycoelectronics.com/,
http://www.ubicom.com/,
http://www.u-blox.com/,
http://www.ansoft.com,
http://www.universaldisplay.com/,
http://www.unitedel.com/,
http://www.ultralifebatteries.com/,
http://www.ultronix.com/,
http://www.umc.com/,
http://www.umecintl.com/,
http://www.unity.com/,
http://www.umpco.com/,
http://www.ums-gaas.com/,
https://www.umw.com.my/,
http://www.uniboxenclosures.com/,
http://www.unicgroup.com/,
http://www.unicomelectronic.com/index.html,
http://zthttx.com/,
http://www.union-pwr.com/,
http://www.uniohm.com/index.aspx?language=en,
http://www.gosinoic.com,
http://www.unisemgroup.com/company/,
http://www.unisourcelink.com/,
http://www.ueonline.com/,
http://www.chemi-con.com/,
https://www.amadaweldtech.eu/miyachi-unitek-brand,
http://www.uniter-tech.com/,
https://lappusa.lappgroup.com/,
http://www.us-electronics.com/,
http://www.usmicrowaves.com/,
http://www.ussensor.com/,
http://www.ultratechnology.com/,
http://ams.aeroflex.com/,
http://www.utron.net/,
http://www.szyxwkj.com,
http://www.quicklogic.com/,
http://www.vacuumschmelze.de/,
http://www.kleintools.com/,
https://www.vaisala.com/en,
http://www.valence.com/,
http://nidec-vis.com/,
http://www.valor.com/,
http://www.valpeyfisher.com/,
http://www.tepro-vamistor.com/,
http://www.procureinc.com/manufacturer/vari-l_-_sirenza_microdevices_-_rfmd/,
http://www.varitronix.com/,
http://www.varsi.si/,
http://www.varta.com/,
http://www.vatronics.com/,
http://www.vcclite.com/,
http://www.verticalcircuits.com/,
http://www.alliedelec.com/m/d/59e78dc77ac88b1313906b5e83e31d26.pdf,
http://www.vectorelect.com/,
http://www.vectron.com/,
http://www.vectron.com/,
http://www.veeder.com/,
http://www.quasargroup.it/vei/index.asp?lng=en,
http://www.vemer.it/index.php/vemerspa_en,
http://www.venkel.com/,
http://www.verbatim.com/,
http://www.symantec.com/,
http://www.verotl.com/,
http://www.versatek.com/,
http://www.vestalelectronics.com/,
http://www.vicr.com/,
http://www.viewsonic.com/,
http://www.vikingcomponents.com/,
http://www.vikingelectronics.com/,
http://www.vikingmodular.com/,
http://www.vimex.com/,
http://www.vimicro.com/english/,
http://www.chungpak.com/,
http://en.vipower.com/index.php,
http://www.virtium.com/,
http://virtual-ii.com/,
http://www.visioneng.com/,
http://www.monogramaerospace.com/products/blind_bolts/visu-lok,
http://www.vectron.com/,
http://www.viteccorp.com/,
http://www.vitesse.com/,
http://www.vitexsystems.com/,
http://www.vitrohm.com/,
http://www.vitzrocell.com/,
http://www.varitronix.com/,
http://www.vlsi.fi/,
http://www.voltagemultipliers.com/,
http://www.vogt-electronic.com/,
http://www.volex.com/,
http://www.volgen.com/,
http://www.volterra.com/,
http://www.spctechnology.com/,
http://www.voltronicscorp.com/,
http://www.vossind.com/,
http://www.vpc.com,
http://www.vpt-inc.com/,
https://www.vossloh-schwabe.com/home,
http://www.murata.com/en-us/about/newsroom/news/company/general/2012/0131b,
http://www.vxis.com,
http://www.waage.com/,
http://www.wabashtech.com/,
http://www.wacom.com/touch/index.cfm,
http://www.wago.com/,
http://www.wakefield.com/,
http://www.waldmannlighting.com/,
http://www.wallindustries.com/,
http://www.passivecomponent.com/,
http://warnerelectric.com,
http://www.watlow.com/,
http://www.wavefrontsemi.com/,
http://www.wtkmicro.com/eng.cc/about/profile.asp,
http://www.way-on.com/,
http://www.winchiphead.com/corp/,
http://www.wcmagnetics.com/,
http://www.wdc.com/,
http://www.westerndesigncenter.com/,
https://www.we-online.com/web/en/passive_components_custom_magnetics/midcom_europe_landing_pages/midcomeuropewelcome.php,
https://www.wealdelectronics.com/,
http://www.cambion.com,
http://www.captor.com,
http://www.wecc.com/,
http://www.weco.ca/,
http://www.ween-semi.com,
http://www.ween-semi.com/en,
http://www.weidmuller.com/,
http://www.aeroflex-weinschel.com/,
http://www.wekang.com/,
http://sensata.com/,
http://www.weltrend.com/,
http://www.welwyn-tt.com/,
http://www.wenzel.com/,
http://www.werma.de/en/,
http://www.wclco.com/,
http://www.westcoastaerospace.com/,
http://www.westcode.com/,
http://www.westernwireprod.com/,
http://consumer.wahl.com/,
http://www.whispersys.com,
http://www.whiteedc.com/,
http://www.littelfuse.com/,
http://www.widap.ch/,
http://www.wielandinc.com/,
http://www.wielandinc.com/en-us,
http://www.wieson.com/,
http://www.wihatools.com/,
http://www.wiko.com/,
http://www.wilbrecht.com/,
http://www.wilcocorp.com/,
http://www.wilke-technology.com/,
http://willsemi.com/,
http://www.greatbatch.com/,
http://www.led-center.com/,
http://www.wima.de/en_index.php,
http://www.winbond.com/,
http://www.winchesterelectronics.com/,
http://www.windaeronautics.com/en/index.html,
https://www.winbond.com/,
http://www.wingshing.com,
http://www.winslowadaptics.com/,
http://www.wiremold.com/,
http://www.wisesun.com,
http://www.wisol.co.kr/?ckattempt=1,
https://www.wiznet.io/,
http://www.wj.com/,
http://www.fapo.com/,
http://www.wolfsonmicro.com/,
https://www.wolfspeed.com/,
http://www.woodhead.com/,
http://www.woods.com/,
http://www.worldproducts.com/,
http://www.wtcase.com/,
http://www.wpi-interconnect.com/,
https://www.omnivision-group.com/,
http://www.wave.com/,
http://www.st.com/st-web-ui/active/en/home.html,
http://www.wontop.com/,
http://www.wuerth-elektronik.de/website/frames,de.php?parlang=en
http://www.accelink.com/en/aboutus/introduction/,
https://www.we-online.com/en,
http://www.hg-capacitor.com/english/duoyuan.asp,
http://wuxi018503.11467.com/,
http://www.wyse.com/,
https://www.wuerth.com/,
http://www.x-powers.com/,
http://www.xactoproducts.com/,
http://www.apextoolgroup.com/,
http://www.xebor.com/,
http://www.semtech.com/,
http://xentek-inc.industry-server.com/,
http://www.xerox.com/,
http://www.xfab.com/,
http://www.xfmrs.com/,
https://www.leoni.com/de/,
http://www.xicon.com/,
http://www.intersil.com/,
http://www.xilinx.com/,
http://www.intel.com/,
http://www.xlsemi.com/,
http://www.xlsemi.com/,
https://www.xmos.com/,
http://www.xppower.com/,
https://www.smps.com/powersupply/manufacturerdetails.asp?company_id=472,
http://www.xpplc.com/,
http://www.zrediode.com/,
http://www.xymox.com/,
http://www.yageo.com/,
http://www.yamaha.co.jp/english/product/lsi/index.html,
http://www.yamaichi.co.jp/index_e.shtml,
http://en.yantel-corp.com/,
http://www.yaskawa.com/,
http://www.yazaki-na.com/index.asp,
http://yellowjacket.com/,
http://www.yaainc.com/company/,
http://www.yeongyang.com/,
http://www.yeonho.com,
http://www.caly.com/,
http://www.szyxwkj.com,
http://www.yokogawa.com/,
http://www.yaainc.com/company/,
https://www.ysi.com/,
http://www.ystechusa.com/,
http://www.yuasabatteries.com/,
http://www.yuetone.com/,
http://ulp.zarlink.com/zarlink/hs/about.htm,
http://www.zcomax.com/,
http://www.zcomm.com/,
http://www.zenic.co.jp/english/,
http://www.zetex.com/,
http://www.zettlermagnetics.com/fileadmin/templates/home.php,
http://www.zeusinc.com/,
http://www.zflinux.com/,
http://www.baolong.com/,
http://www.zierick.com/,
http://www.zifor.com/,
http://www.zilog.com/,
http://www.ziptape.com/,
http://www.csr.com/,
http://www.zttcable.com/,
http://www.zywyn.com/,
